[
	{
		"model":"FoodFinder.Usuario",
		"pk":1,
		"fields":{
			"facultad":"1",
			"nombreUsu":"pepito",
			"nombre":"Pepito",
			"apellido":"Solis",
			"correo":"pepito@hotmail.com",
			"tipo":"cliente",
			"rol":"Estudiante"
 		}
	},
	{
		"model":"FoodFinder.Usuario",
		"pk":2,
		"fields":{
			"facultad":"2",
			"nombreUsu":"vilmita",
			"nombre":"Vilmita",
			"apellido":"Perez",
			"correo":"vilmita@hotmail.com",
			"tipo":"cliente",
			"rol":"Docente"
		}
	},
	{
		"model":"FoodFinder.Usuario",
		"pk":3,
		"fields":{
			"nombreUsu":"sandrita",
			"nombre":"Sandrita",
			"apellido":"Perez",
			"correo":"foodfinderespol@gmail.com",
			"tipo":"moderador",
			"rol":"Docente"
		}
	},
	{
		"model":"FoodFinder.Usuario",
		"pk":4,
		"fields":{
			"comedor":"2",
			"nombreUsu":"pedrito",
			"nombre":"Pedrito",
			"apellido":"Picapiedra",
			"correo":"pedrito@hotmail.com",
			"tipo":"admin",
			"rol":"Docente"
		}
	},
	{
		"model":"FoodFinder.Usuario",
		"pk":5,
		"fields":{
			"comedor":"2",
			"nombreUsu":"johansito",
			"nombre":"Johansito",
			"apellido":"Canales",
			"correo":"johanalejandro@me.com",
			"tipo":"super-user",
			"rol":"Docente"
		}

	},

	{
		"model":"FoodFinder.Facultad",
		"pk":1,
		"fields":{
			"nombre":"FIEC",
			"logo": "img/facultades/FIEC.png"
		}
	},

	{
		"model":"FoodFinder.Facultad",
		"pk":2,
		"fields":{
			"nombre":"FCNM",
			"logo": "img/facultades/fcnm.png"
		}
	},

	{
		"model":"FoodFinder.Facultad",
		"pk":3,
		"fields":{
			"nombre":"EDCOM",
			"logo": "img/facultades/edcom.png"
		}
	},
	{
		"model":"FoodFinder.Facultad",
		"pk":4,
		"fields":{
			"nombre":"FCSH",
			"logo": "img/facultades/fcsh.png"
		}
	},

	{
		"model":"FoodFinder.Facultad",
		"pk":5,
		"fields":{
			"nombre":"FICT",
			"logo": "img/facultades/fict.png"
		}
	},

	{
		"model":"FoodFinder.Facultad",
		"pk":6,
		"fields":{
			"nombre":"FIMCP",
			"logo": "img/facultades/fimcp.png"
		}
	},

	{
		"model":"FoodFinder.Comedor",
		"pk":1,
		"fields":{
			"facultad":"1",
			"nombre": "Comedor Coca Cola ",
			"tipo":"Comedor",
			"descripcion":"Desayunos, snacks y almuerzos",
			"hora_ini":"13:30",
			"hora_fin":"14:30",
			"ayudantes":"True",
			"latitud":"-2.146965",
			"longitud":"-79.966675"
		}
	},

	{
		"model":"FoodFinder.Comedor",
		"pk":2,
		"fields":{
			"facultad":"2",
			"nombre": "Comedor de Matematica",
			"tipo":"Comedor",
			"descripcion":"Almuerzos y Snacks",
			"hora_ini":"12:30",
			"hora_fin":"14:30",
			"ayudantes":"False",
			"latitud":"-2.146251",
			"longitud":"-79.966844"
		}
	},

	{
		"model":"FoodFinder.Comedor",
		"pk":3,
		"fields":{
			"facultad":"3",
			"nombre": "Comedor de Lucho",
			"tipo":"Cafeteria y Comedor",
			"descripcion":"Bar de Mecanica ",
			"hora_ini":"10:00",
			"hora_fin":"16:00",
			"ayudantes":"True",
			"latitud":"-2.146299",
			"longitud":"-79.963189"
		}
	},
	{
		"model":"FoodFinder.Comedor",
		"pk":4,
		"fields":{
			"facultad":"4",
			"nombre": "Comedor Delicia",
			"tipo":"Restaurante Bar",
			"descripcion":"Bar de almuerzos y snacks",
			"hora_ini":"08:00",
			"hora_fin":"16:00",
			"ayudantes":"True",
			"latitud":"-2.143496",
			"longitud":"-79.961344"
		}
	},
	{
		"model":"FoodFinder.Comedor",
		"pk":5,
		"fields":{
			"facultad":"5",
			"nombre": "Comedor Malicia",
			"tipo":"Restaurante Bar",
			"descripcion":"Bar de almuerzos y snacks",
			"hora_ini":"08:00",
			"hora_fin":"16:00",
			"ayudantes":"True",
			"latitud":"-2.133196",
			"longitud":"-79.961344"
		}
	},
	{
		"model":"FoodFinder.Denuncia",
		"pk":1,
		"fields":{
			"usuario": "1",
			"comedor":"Carreta del Tono",
			"fecha_den": "2017-08-17",
			"denuncia":"Encontre un gusano en mi sopa"
		}
	},
	{
		"model":"FoodFinder.Denuncia",
		"pk":2,
		"fields":{
			"usuario": "2",
			"comedor":"Comedor NEO",
			"fecha_den": "2017-08-15",
			"denuncia":"Encontre un pelo en mi arroz"
		}
	},
	{
		"model":"FoodFinder.Denuncia",
		"pk":3,
		"fields":{
			"usuario": "1",
			"comedor":"Comedor NEO",
			"fecha_den": "2017-08-16",
			"denuncia":"Encontre moscas en mi postre"
		}
	},
	{
		"model":"FoodFinder.Denuncia",
		"pk":4,
		"fields":{
			"usuario": "2",
			"comedor":"Coca-cola",
			"fecha_den": "2017-07-17",
			"denuncia":"Encontre bichos en mi sopa"
		}
	},
	{
		"model":"FoodFinder.Platillo",
		"pk":1,
		"fields":{
			"comedor":"1",
			"titulo": "Lomo al ajillo",
			"tipo":"Segundo",
			"precio": 3.5,
			"cantidad": 300,
			"imagen": "gallery/photo-11.jpg",
			"valoracion": 3
		}
	},
	{
		"model":"FoodFinder.Platillo",
		"pk":2,
		"fields":{
			"comedor":"2",
			"titulo": "Yapingacho",
			"tipo":"Segundo",
			"precio": 2.0,
			"cantidad": 350,
			"imagen": "gallery/photo-9.jpg",
			"valoracion": 4
		}
	},
	{
		"model":"FoodFinder.Platillo",
		"pk":3,
		"fields":{
			"comedor":"2",
			"titulo": "Seco de chivo",
			"tipo":"Segundo",
			"precio": 2.0,
			"cantidad": 500,
			"imagen": "gallery/photo-2.jpg",
			"valoracion": 5
		}
	},
	{
		"model":"FoodFinder.Platillo",
		"pk":4,
		"fields":{
			"comedor":"3",
			"titulo": "Chaulafan de pollo",
			"tipo":"Segundo",
			"precio": 1.5,
			"cantidad": 100,
			"imagen": "gallery/photo-1.jpg",
			"valoracion": 2
		}
	},
	{
		"model":"FoodFinder.Platillo",
		"pk":5,
		"fields":{
			"comedor":"3",
			"titulo": "Sopa de quinua",
			"tipo":"Sopa",
			"precio": 3.0,
			"cantidad": 20,
			"imagen": "gallery/photo-13.jpg",
			"valoracion": 3
		}
	},
	{
		"model":"FoodFinder.Platillo",
		"pk":6,
		"fields":{
			"comedor":"4",
			"titulo": "Tigrillo",
			"tipo":"Desayuno",
			"precio": 2.0,
			"cantidad": 25,
			"imagen": "gallery/photo-14.jpg",
			"valoracion": 3
		}
	},
	{
		"model":"FoodFinder.Platillo",
		"pk":7,
		"fields":{
			"comedor":"2",
			"titulo": "Enrollado de atun",
			"tipo":"Sopa",
			"precio": 2.0,
			"cantidad": 500,
			"imagen": "gallery/photo-12.jpg",
			"valoracion": 5
		}
	},
	{
		"model":"FoodFinder.Platillo",
		"pk":8,
		"fields":{
			"comedor":"2",
			"titulo": "Carne apanada y menestra",
			"tipo":"Sopa",
			"precio": 2.0,
			"cantidad": 500,
			"imagen": "gallery/photo-6.jpg",
			"valoracion": 5
		}
	},
	{
		"model":"FoodFinder.Platillo",
		"pk":9,
		"fields":{
			"comedor":"2",
			"titulo": "Caldo de pata",
			"tipo":"Sopa",
			"precio": 2.0,
			"cantidad": 500,
			"imagen": "gallery/photo-15.jpg",
			"valoracion": 5
		}
	},
	{
		"model":"FoodFinder.Platillo",
		"pk":10,
		"fields":{
			"comedor":"2",
			"titulo": "Bolon de queso",
			"tipo":"Desayuno",
			"precio": 2.0,
			"cantidad": 500,
			"imagen": "gallery/photo-16.jpg",
			"valoracion": 5
		}
	},

	{
		"model":"FoodFinder.Timeline",
		"pk":1,
		"fields":{
			"fecha":"7 Junio 2017",
			"descp": "Se comienza maqueteado del sitio"
		}
	},

	{
		"model":"FoodFinder.Timeline",
		"pk":2,
		"fields":{
			"fecha":"12 Junio 2017",
			"descp": "Se inicia el diseño de las paginas web usando  HTML 5 Y CSS"
		}
	},

	{
		"model":"FoodFinder.Timeline",
		"pk":3,
		"fields":{
			"fecha":"18 Juinio 2017",
			"descp": "Se comienza maqueteado del sitio"
		}
	},

	{
		"model":"FoodFinder.Timeline",
		"pk":4,
		"fields":{
			"fecha":"7 Junio 2017",
			"descp": "Se inicia el diseño usando javascript"
		}
	},

	{
		"model":"FoodFinder.Timeline",
		"pk":5,
		"fields":{
			"fecha":"1 Julio 2017",
			"descp": "Se hacen pruebas con librerias de fotos"
		}
	},

	{
		"model":"FoodFinder.Timeline",
		"pk":6,
		"fields":{
			"fecha":"2 Julio 2017",
			"descp": "Se inicia a verificar el diseño responsivo de la pagina"
		}
	},

	{
		"model":"FoodFinder.Timeline",
		"pk":7,
		"fields":{
			"fecha":"3 Julio 2017",
			"descp": "Comedor Coca Cola de FIEC se une al sitio web"
		}
	},

	{
		"model":"FoodFinder.Timeline",
		"pk":8,
		"fields":{
			"fecha":"4 Julio 2017",
			"descp": "Se inicia a usar Mapas en el sitio web"
		}
	},

	{
		"model":"FoodFinder.Timeline",
		"pk":9,
		"fields":{
			"fecha":"15 Julio 2017",
			"descp": "Anni Santacruz y Daniel Castro se unen al equipo de Food Finder"
		}
	},

	{
		"model":"FoodFinder.Comentario",
		"pk":1,
		"fields":{
			"usuario": "1",
			"comedor":"1",	
			"aceptado":0,		
			"comentario":"Esta muy rica su comida"
		}
	},

	{
		"model":"FoodFinder.Comentario",
		"pk":2,
		"fields":{
			"usuario": "1",
			"comedor":"2",	
			"aceptado":1,		
			"comentario":"Deberian arreglar el aire acondicinado"
		}
	},

	{
		"model":"FoodFinder.Comentario",
		"pk":3,
		"fields":{
			"usuario": "2",
			"comedor":"3",	
			"aceptado":0,		
			"comentario":"Sus precios con muy caros"
		}
	},

	{
		"model":"FoodFinder.Comentario",
		"pk":4,
		"fields":{
			"usuario": "2",
			"comedor":"4",
			"aceptado":0,			
			"comentario":"Deberian poner una carpa afuera cuando hace sol"
		}
	},

	{
		"model":"FoodFinder.Comentario",
		"pk":5,
		"fields":{
			"usuario": "1",
			"comedor":"5",	
			"aceptado":0,	
			"comentario":"Su servicio es bueno pero en horas pico no abastecen. Deberian contratar mas personal"
		}
	}

]
